index,solved,clues_consistent,converged,iterations,runtime_sec
0,1.0,1.0,1.0,15.0,1.0726094260026002
1,1.0,1.0,1.0,9.0,0.7716211639926769
2,0.0,1.0,0.0,80.0,5.209724058004213
3,0.0,1.0,0.0,80.0,5.558968523997464
4,1.0,1.0,1.0,9.0,0.5325512470008107
