{
  "num_puzzles": 100,
  "solve_rate": 0.97,
  "solve_rate_std": 0.17058722109231983,
  "clue_consistency_rate": 1.0,
  "convergence_rate": 0.98,
  "mean_iterations": 30.13,
  "std_iterations": 18.678144982840237,
  "mean_runtime_sec": 2.6104520904191304,
  "std_runtime_sec": 1.5265472238783582,
  "config": {
    "n_samples": 100,
    "max_iters": 150,
    "tol": 0.001,
    "damping": 0.5,
    "seed": 0
  }
}