{
  "dataset": "grabcut",
  "inference": "bp",
  "num_images": 20,
  "mean_iou_raw": 0.02254633080403081,
  "std_iou_raw": 0.04752538225374338,
  "mean_accuracy_raw": 0.19584722222222223,
  "std_accuracy_raw": 0.18859485846764779,
  "mean_iou_eval": 0.48027586282617934,
  "std_iou_eval": 0.26669026852588007,
  "mean_accuracy_eval": 0.8129583333333332,
  "std_accuracy_eval": 0.1735915161164064,
  "flip_rate_for_eval": 0.9,
  "mean_runtime_sec": 10.187350886850027,
  "mean_iterations": 26.8,
  "convergence_rate": 0.85,
  "mean_em_iterations": 21.25,
  "config": {
    "data_path": "data/grabcut",
    "max_images": 20,
    "resize": [
      60,
      60
    ],
    "max_iters": 50,
    "tol": 0.001,
    "damping": 0.5,
    "lambda": 2.0,
    "em_max_iters": 60,
    "em_tol": 0.0001,
    "em_regularization": 0.0001,
    "seed": 0
  }
}