{
  "dataset": "grabcut",
  "inference": "trw",
  "num_images": 20,
  "mean_iou_raw": 0.022771007867206268,
  "std_iou_raw": 0.04821535776557161,
  "mean_accuracy_raw": 0.1966527777777778,
  "std_accuracy_raw": 0.18949393445698376,
  "mean_iou_eval": 0.47990522512964817,
  "std_iou_eval": 0.2666279050213845,
  "mean_accuracy_eval": 0.8130694444444444,
  "std_accuracy_eval": 0.17295956574058818,
  "flip_rate_for_eval": 0.9,
  "mean_runtime_sec": 8.297405358200013,
  "mean_iterations": 11.65,
  "convergence_rate": 1.0,
  "mean_em_iterations": 21.25,
  "config": {
    "data_path": "data/grabcut",
    "max_images": 20,
    "resize": [
      60,
      60
    ],
    "max_iters": 50,
    "tol": 0.001,
    "damping": 0.5,
    "lambda": 2.0,
    "em_max_iters": 60,
    "em_tol": 0.0001,
    "em_regularization": 0.0001,
    "seed": 0
  }
}