{
  "dataset": "bsds500",
  "inference": "bp",
  "num_images": 20,
  "mean_iou_raw": 0.38646025792289906,
  "std_iou_raw": 0.25085047247069103,
  "mean_accuracy_raw": 0.5224583333333335,
  "std_accuracy_raw": 0.27575529380264885,
  "mean_iou_eval": 0.5955596275055258,
  "std_iou_eval": 0.1674863322978056,
  "mean_accuracy_eval": 0.7117638888888889,
  "std_accuracy_eval": 0.17804890945734717,
  "flip_rate_for_eval": 0.5,
  "mean_runtime_sec": 13.790563674600003,
  "mean_iterations": 34.9,
  "convergence_rate": 0.75,
  "mean_em_iterations": 18.9,
  "config": {
    "data_path": "data/BSDS500",
    "max_images": 20,
    "resize": [
      60,
      60
    ],
    "max_iters": 50,
    "tol": 0.001,
    "damping": 0.5,
    "lambda": 2.0,
    "em_max_iters": 60,
    "em_tol": 0.0001,
    "em_regularization": 0.0001,
    "seed": 0
  }
}